{"cameraMode":{"drawMode":0,"name":"Shaded","section":"Shading Mode"},"sceneLighting":true,"audioPlay":false,"sceneViewState":{"showFog":true,"showMaterialUpdate":false,"showSkybox":true,"showFlares":true,"showImageEffects":true,"showParticleSystems":true},"in2DMode":false,"pivot":{"x":125.60887908935547,"y":105.92667388916016,"z":328.0594177246094},"rotation":{"x":-0.0018454958917573095,"y":-0.9963890910148621,"z":-0.08239486813545227,"w":0.024404339492321016},"size":112.05745697021485,"orthographic":false}