{"cameraMode":{"drawMode":0,"name":"Shaded","section":"Shading Mode"},"sceneLighting":true,"audioPlay":false,"sceneViewState":{"showFog":true,"showMaterialUpdate":false,"showSkybox":true,"showFlares":true,"showImageEffects":true,"showParticleSystems":true},"in2DMode":false,"pivot":{"x":-603.2298583984375,"y":84.15470886230469,"z":-50.70542526245117},"rotation":{"x":-0.021032806485891343,"y":0.5652061700820923,"z":0.014414383098483086,"w":0.8245674967765808},"size":38.659244537353519,"orthographic":false}