{"cameraMode":{"drawMode":0,"name":"Shaded","section":"Shading Mode"},"sceneLighting":true,"audioPlay":false,"sceneViewState":{"showFog":true,"showMaterialUpdate":false,"showSkybox":true,"showFlares":true,"showImageEffects":true,"showParticleSystems":true},"in2DMode":false,"pivot":{"x":-348.61517333984377,"y":78.96157836914063,"z":-64.97598266601563},"rotation":{"x":0.038764890283346179,"y":0.8007824420928955,"z":-0.05188659578561783,"w":0.5956792235374451},"size":129.5737762451172,"orthographic":false}